Symbol,Date,Close_Price,Volume_non_block,Today_High,Today_Low,no_days_not_traded_since_last_traded,sentiment,is_regarding_financial_report,is_sold_pur_shares
ROC,2016-03-15,3.55,11000.0,3.55,3.51,0,,,
ROC,2016-03-16,3.99,918529.0,4.03,3.65,0,,,
ROC,2016-03-17,4.33,521013.0,4.51,4.05,0,,,
ROC,2016-03-18,4.08,87516.0,4.3,4.0,0,,,
ROC,2016-03-21,3.88,368917.0,4.0,3.6,0,,,
ROC,2016-03-22,3.98,456960.0,4.0,3.75,0,,,
ROC,2016-03-23,4.0,13000.0,4.0,4.0,0,,,
ROC,2016-03-29,4.0,29000.0,4.0,4.0,3,,,
ROC,2016-03-30,4.0,163004.0,4.0,4.0,0,,,
ROC,2016-03-31,4.0,2500.0,4.0,4.0,0,,,
ROC,2016-04-01,4.0,5000.0,4.0,4.0,0,,,
ROC,2016-04-04,4.0,245.0,4.0,4.0,0,,,
ROC,2016-04-05,3.94,125840.0,4.08,3.85,0,,,
ROC,2016-04-08,3.93,12048.0,4.0,3.9,2,,,
ROC,2016-04-12,3.91,34141.0,3.95,3.9,1,,,
ROC,2016-04-14,3.65,8000.0,3.65,3.65,1,,,
ROC,2016-04-15,3.65,1000.0,3.65,3.65,0,,,
ROC,2016-04-18,3.55,75500.0,3.65,3.5,0,,,
ROC,2016-04-19,3.5,10000.0,3.5,3.5,0,,,
ROC,2016-04-22,3.5,28000.0,3.5,3.5,2,,,
ROC,2016-04-26,3.1,118926.0,3.1,3.1,1,,,
ROC,2016-04-27,3.1,63000.0,3.1,3.1,0,,,
ROC,2016-04-28,3.31,9786.0,3.35,3.3,0,,,
ROC,2016-04-29,3.35,8800.0,3.35,3.35,0,,,
ROC,2016-05-02,3.4,4000.0,3.4,3.4,0,,,
ROC,2016-05-06,3.4,37000.0,3.4,3.4,3,0.0,1.0,0.0
ROC,2016-05-11,3.4,1000.0,3.4,3.4,2,,,
ROC,2016-05-13,3.4,2725.0,3.4,3.4,1,,,
ROC,2016-05-16,3.4,180416.0,3.4,3.39,0,,,
ROC,2016-05-17,3.49,386468.0,3.5,3.4,0,,,
ROC,2016-05-18,3.75,2000.0,3.75,3.75,0,,,
ROC,2016-05-25,3.75,3000.0,3.75,3.75,4,,,
ROC,2016-05-26,3.2,1395.0,3.2,3.2,0,,,
ROC,2016-05-31,3.4,1048.0,3.4,3.4,2,,,
ROC,2016-06-02,3.2,628310.0,3.2,3.2,1,,,
ROC,2016-06-09,3.23,109000.0,3.3,3.23,4,,,
ROC,2016-06-13,3.27,16000.0,3.36,3.23,1,,,
ROC,2016-06-14,3.23,5000.0,3.25,3.23,0,,,
ROC,2016-06-16,3.23,23955.0,3.3,3.23,1,,,
ROC,2016-06-17,3.23,303353.0,3.3,3.23,0,,,
ROC,2016-06-22,3.2,1000.0,3.2,3.2,2,,,
ROC,2016-06-24,3.2,59000.0,3.2,3.2,1,0.0772,0.0,1.0
ROC,2016-06-27,3.26,187915.0,3.26,3.26,0,,,
ROC,2016-06-29,3.3,16900.0,3.3,3.3,1,,,
ROC,2016-07-04,3.35,9838.0,3.35,3.35,2,,,
ROC,2016-07-05,3.3,9000.0,3.3,3.3,0,,,
ROC,2016-07-06,3.25,5000.0,3.25,3.25,0,,,
ROC,2016-07-11,3.2,21000.0,3.2,3.18,2,,,
ROC,2016-07-12,3.35,49100.0,3.35,3.25,0,,,
ROC,2016-07-15,3.55,139156.0,3.55,3.55,2,,,
ROC,2016-07-19,3.27,9000.0,3.35,3.2,1,,,
ROC,2016-07-20,3.18,11000.0,3.18,3.18,0,,,
ROC,2016-07-21,3.2,25000.0,3.2,3.2,0,,,
ROC,2016-07-22,3.25,13000.0,3.25,3.25,0,,,
ROC,2016-07-26,3.18,610529.0,3.25,3.18,1,,,
ROC,2016-08-04,3.6,2000.0,3.6,3.6,6,,,
ROC,2016-08-05,3.28,3000.0,3.28,3.28,0,,,
ROC,2016-08-09,3.28,358746.0,3.28,3.28,1,,,
ROC,2016-08-11,3.3,720.0,3.3,3.3,1,,,
ROC,2016-08-15,3.29,4768.0,3.3,3.28,1,,,
ROC,2016-08-22,3.3,1303.0,3.3,3.3,4,,,
ROC,2016-08-24,3.3,24393.0,3.3,3.28,1,,,
ROC,2016-08-26,3.3,3697.0,3.3,3.3,1,,,
ROC,2016-08-31,3.18,467982.0,3.3,3.18,2,,,
ROC,2016-09-02,3.18,26817.0,3.18,3.18,1,,,
ROC,2016-09-06,3.19,5000.0,3.19,3.19,1,,,
ROC,2016-09-08,3.28,5000.0,3.28,3.28,1,,,
ROC,2016-09-15,3.28,8000.0,3.28,3.28,4,,,
ROC,2016-09-16,3.28,61538.0,3.28,3.28,0,,,
ROC,2016-09-21,3.3,1250.0,3.3,3.3,2,,,
ROC,2016-09-23,3.28,20000.0,3.28,3.28,1,,,
ROC,2016-09-26,3.3,10750.0,3.3,3.3,0,,,
ROC,2016-09-30,3.32,10938.0,3.5,3.2999999999999994,3,,,
ROC,2016-10-05,3.35,313700.0,3.4,3.35,2,,,
ROC,2016-10-10,3.35,1400.0,3.35,3.35,2,,,
ROC,2016-10-11,3.19,10000.0,3.19,3.19,0,,,
ROC,2016-10-25,3.19,104660.0,3.2,3.0,9,,,
ROC,2016-10-27,3.3,29812.0,3.3,3.3,1,,,
ROC,2016-10-28,3.3,83984.0,3.3,3.3,0,,,
ROC,2016-11-01,3.3,94434.0,3.3,3.3,1,,,
ROC,2016-11-02,3.3,2000.0,3.3,3.3,0,,,
ROC,2016-11-04,3.6,900.0,3.6,3.6,1,,,
ROC,2016-11-07,4.1,460.0,4.1,4.1,0,,,
ROC,2016-11-11,4.1,895.0,4.1,4.1,3,0.0,0.0,0.0
ROC,2016-11-22,3.0,5000.0,3.0,3.0,6,,,
ROC,2016-11-24,3.0,11556.0,3.0,3.0,1,,,
ROC,2016-11-29,3.0,5000.0,3.0,3.0,2,,,
ROC,2016-12-01,3.0,94109.0,3.0,3.0,1,,,
ROC,2016-12-07,3.01,4302.0,3.01,3.01,3,,,
ROC,2016-12-09,3.5,87719.0,3.5,3.5,1,,,
ROC,2016-12-12,4.0,6063.0,4.0,4.0,0,,,
ROC,2016-12-13,4.15,23000.0,4.15,4.15,0,,,
ROC,2016-12-15,4.15,1000.0,4.15,4.15,1,,,
ROC,2016-12-19,4.01,516500.0,4.65,4.0,1,,,
ROC,2016-12-20,3.6,215.0,3.6,3.6,0,,,
ROC,2016-12-21,3.6,65544.0,3.6,3.6,0,,,
ROC,2016-12-30,4.0,564394.0,4.0,4.0,6,0.5267,0.0,0.0
ROC,2017-01-04,4.0,31614.0,4.0,4.0,2,,,
ROC,2017-01-09,4.05,1110.0,4.05,4.05,2,,,
ROC,2017-01-10,4.1,100.0,4.1,4.1,0,,,
ROC,2017-01-12,4.0,28053.0,4.0,4.0,1,,,
ROC,2017-01-13,4.0,5000.0,4.0,4.0,0,,,
ROC,2017-01-18,3.99,26162.0,3.99,3.99,2,,,
ROC,2017-02-13,3.9,450.0,3.9,3.9,17,,,
ROC,2017-02-14,3.9,7000.0,3.9,3.9,0,,,
ROC,2017-02-15,3.57,3000.0,3.9,3.5,0,0.0,1.0,0.0
ROC,2017-02-20,3.3,14185.0,3.3,3.3,2,,,
ROC,2017-03-02,3.41,10000.0,3.41,3.41,7,,,
ROC,2017-03-08,3.33,109720.0,3.35,3.2999999999999994,3,,,
ROC,2017-03-14,3.4,1250.0,3.4,3.4,3,,,
ROC,2017-03-16,3.25,2890.0,3.25,3.25,1,,,
ROC,2017-03-20,3.25,110.0,3.25,3.25,1,,,
ROC,2017-03-23,3.1,15581.0,3.1,3.1,2,,,
ROC,2017-03-27,3.17,14000.0,3.3,3.1,1,0.0,1.0,0.0
ROC,2017-03-28,3.84,31714.0,3.85,3.43,0,,,
ROC,2017-03-30,3.85,7256.0,3.87,3.84,1,,,
ROC,2017-04-06,3.85,0.0,2.5,2.0,4,,,
ROC,2017-04-13,3.1,20000.0,3.1,3.1,4,-0.2263,0.0,0.0
ROC,2017-04-19,3.03,78275.0,3.1,3.0,3,0.0,1.0,0.0
ROC,2017-04-21,3.0,19769.0,3.0,3.0,1,,,
ROC,2017-05-12,3.4,1000.0,3.4,3.4,14,,,
ROC,2017-05-17,3.15,10000.0,3.15,3.15,2,0.0,1.0,0.0
ROC,2017-05-31,3.2,61538.0,3.2,3.2,9,,,
ROC,2017-06-09,3.2,86573.0,3.2,3.2,6,0.4588,0.0,1.0
ROC,2017-06-13,3.19,50000.0,3.2,3.18,1,,,
ROC,2017-06-30,3.31,8000.0,3.5,3.2,12,,,
ROC,2017-07-07,3.2,200.0,3.2,3.2,4,0.4588,0.0,1.0
ROC,2017-07-31,3.0,327174.0,3.0,3.0,15,,,
ROC,2017-08-15,3.0,38000.0,3.0,3.0,10,0.0,1.0,0.0
ROC,2017-08-24,3.11,2750.0,3.25,3.1,6,,,
ROC,2017-08-25,2.88,94238.0,2.88,2.88,0,,,
ROC,2017-09-05,2.9,50183.0,2.9,2.9,6,0.4588,0.0,1.0
ROC,2017-09-06,2.9,22590.0,2.9,2.9,0,,,
ROC,2017-09-07,2.9,30227.0,2.9,2.89,0,0.4588,0.0,1.0
ROC,2017-09-08,2.98,51650.0,2.98,2.98,0,,,
ROC,2017-09-15,2.8,1500.0,2.8,2.8,4,,,
ROC,2017-09-19,2.8,5019.0,2.8,2.8,1,,,
ROC,2017-09-25,2.7999999999999994,13303.0,2.7999999999999994,2.7999999999999994,3,,,
ROC,2017-10-10,2.8,6245.0,2.81,2.8,10,,,
ROC,2017-10-11,2.9,30000.0,2.9,2.9,0,,,
ROC,2017-10-19,3.15,61538.0,3.15,3.15,5,,,
ROC,2017-10-20,3.15,5000.0,3.15,3.15,0,,,
ROC,2017-10-23,3.15,63640.0,3.15,3.15,0,,,
ROC,2017-10-25,3.2,45000.0,3.2,3.2,1,,,
ROC,2017-10-30,3.21,5698.0,3.21,3.21,2,,,
ROC,2017-11-01,3.25,19247.0,3.25,3.25,1,,,
ROC,2017-11-08,3.25,100.0,3.25,3.25,4,,,
ROC,2017-11-16,2.8,1355.0,2.8,2.8,5,0.0,1.0,0.0
ROC,2017-11-22,2.81,1040.0,2.81,2.81,3,,,
ROC,2017-11-23,2.8,22038.0,2.81,2.8,0,,,
ROC,2017-11-24,2.8,17900.0,2.8,2.8,0,,,
ROC,2017-11-27,2.8,93662.0,2.8,2.8,0,,,
ROC,2017-11-28,2.8,2452.0,2.8,2.8,0,,,
ROC,2017-12-01,2.8,3886.0,2.8,2.8,2,0.4588,0.0,1.0
ROC,2017-12-05,2.8,1000.0,2.8,2.8,1,,,
ROC,2017-12-12,2.85,17081.0,2.85,2.85,4,,,
ROC,2017-12-28,2.85,23019.0,2.86,2.85,11,,,
ROC,2018-01-02,2.83,13670.0,2.84,2.8,2,,,
ROC,2018-01-03,3.0,5000.0,3.0,3.0,0,,,
ROC,2018-01-04,3.0,4750.0,3.0,3.0,0,,,
ROC,2018-01-11,2.86,700.0,2.86,2.86,4,,,
ROC,2018-01-16,2.86,1460.0,2.86,2.86,2,,,
ROC,2018-01-17,2.86,590.0,2.86,2.86,0,,,
ROC,2018-02-05,3.0,31000.0,3.0,3.0,12,,,
ROC,2018-02-16,3.0,110000.0,3.0,3.0,8,0.0,1.0,0.0
ROC,2018-02-20,3.0,3192000.0,3.0,3.0,1,,,
ROC,2018-02-22,3.02,2099.0,3.05,3.0,1,0.4588,0.0,1.0
ROC,2018-02-23,3.0,111500.0,3.05,3.0,0,,,
ROC,2018-02-26,3.0,10000.0,3.0,3.0,0,,,
ROC,2018-02-27,3.0,3300.0,3.0,3.0,0,,,
ROC,2018-03-01,3.0,3600.0,3.0,3.0,1,,,
ROC,2018-03-06,3.0,2000.0,3.0,3.0,2,,,
ROC,2018-03-12,3.0,3000.0,3.0,3.0,3,,,
ROC,2018-03-13,3.05,32748.0,3.05,3.05,0,,,
ROC,2018-03-22,3.11,28125.0,3.5,3.1,6,,,
ROC,2018-03-23,3.1,23600.0,3.1,3.0,0,,,
ROC,2018-03-27,3.0,225500.0,3.0,3.0,1,,,
ROC,2018-03-29,3.0,15200.0,3.0,3.0,1,0.3818,0.0,0.0
ROC,2018-04-09,3.04,8060.0,3.1,3.0,6,,,
ROC,2018-04-10,3.0,3300000.0,3.0,3.0,0,,,
ROC,2018-04-13,3.0,50000.0,3.0,3.0,2,,,
ROC,2018-04-16,3.0,109700.0,3.0,3.0,0,,,
ROC,2018-04-20,3.0,200000.0,3.0,3.0,3,,,
ROC,2018-04-23,3.0,49100.0,3.0,3.0,0,0.0,1.0,0.0
ROC,2018-04-25,3.5,28271.0,3.5,3.5,1,,,
ROC,2018-04-27,3.5,2000.0,3.5,3.5,1,0.4588,0.0,1.0
ROC,2018-05-08,3.0,5000.0,3.0,3.0,6,0.0,1.0,0.0
ROC,2018-05-10,3.0,400000.0,3.0,3.0,1,,,
ROC,2018-05-14,2.95,755.0,2.95,2.95,1,,,
ROC,2018-05-16,2.95,28284.0,2.95,2.95,1,,,
ROC,2018-05-18,3.05,3300000.0,3.05,3.05,1,,,
ROC,2018-05-24,3.07,30000.0,3.07,3.07,3,0.4588,0.0,1.0
ROC,2018-05-25,3.05,21000.0,3.05,3.05,0,,,
ROC,2018-06-01,3.05,32000.0,3.05,3.05,4,,,
ROC,2018-06-07,3.0,4243672.0,3.0,3.0,3,0.4588,0.0,1.0
ROC,2018-06-11,3.0,512.0,3.0,3.0,1,0.4588,0.0,1.0
ROC,2018-06-13,3.05,3000.0,3.05,3.05,1,,,
ROC,2018-06-14,3.05,500.0,3.05,3.05,0,,,
ROC,2018-06-15,2.95,40961.0,2.95,2.95,0,,,
ROC,2018-06-21,2.9500000000000006,10000.0,2.9500000000000006,2.9500000000000006,3,,,
ROC,2018-06-27,3.0,10000.0,3.0,3.0,3,,,
ROC,2018-06-29,3.0,528900.0,3.05,3.0,1,,,
ROC,2018-07-05,3.0,501.0,3.0,3.0,3,,,
ROC,2018-07-11,3.1,5000.0,3.1,3.1,3,,,
ROC,2018-07-24,3.15,27100.0,3.3,3.1,8,0.0,1.0,0.0
ROC,2018-07-31,3.15,5000.0,3.15,3.15,4,,,
ROC,2018-08-09,3.15,50052.0,3.15,3.15,6,,,
ROC,2018-08-10,3.26,553112.0,4.07,3.25,0,,,
ROC,2018-08-13,3.5,13394.0,3.5,3.5,0,0.4588,0.0,1.0
ROC,2018-08-14,3.5,186606.0,3.5,3.5,0,,,
ROC,2018-08-15,3.25,82741.0,3.25,3.25,0,0.4588,0.0,1.0
ROC,2018-08-16,3.5,134006.0,3.5,3.5,0,0.4588,0.0,1.0
ROC,2018-08-22,3.36,20000.0,3.36,3.35,3,,,
ROC,2018-08-23,3.5,50000.0,3.5,3.5,0,,,
ROC,2018-08-28,3.3,5000.0,3.3,3.3,2,,,
ROC,2018-08-29,3.25,100000.0,3.25,3.25,0,,,
ROC,2018-08-30,3.25,2500.0,3.25,3.25,0,,,
ROC,2018-08-31,3.22,37200.0,3.25,3.2,0,,,
ROC,2018-09-03,3.25,17500.0,3.25,3.25,0,,,
ROC,2018-09-05,3.2,1065830.0,3.2,3.2,1,,,
ROC,2018-09-06,3.2,350700.0,3.2,3.2,0,,,
ROC,2018-09-07,3.5,10000.0,3.5,3.5,0,,,
ROC,2018-09-11,3.21,299025.0,3.5,3.2,1,,,
ROC,2018-09-12,3.5,106550.0,3.5,3.5,0,,,
ROC,2018-09-13,3.5,32151.0,3.5,3.5,0,,,
ROC,2018-09-17,3.9,81500.0,4.0,3.6,1,,,
ROC,2018-09-18,4.0,10000.0,4.0,4.0,0,,,
ROC,2018-09-21,4.5,30000.0,4.5,4.5,2,0.4588,0.0,1.0
ROC,2018-09-27,4.5,210000.0,4.5,4.5,3,0.4588,0.0,1.0
ROC,2018-09-28,4.6,13000.0,4.6,4.6,0,,,
ROC,2018-10-01,5.0,10600.0,5.0,5.0,0,,,
ROC,2018-10-02,4.9,155898.0,5.0,4.9,0,,,
ROC,2018-10-04,4.97,15000.0,5.0,4.9,1,,,
ROC,2018-10-05,5.0,800.0,5.0,5.0,0,,,
ROC,2018-10-08,4.95,11100.0,5.0,4.9,0,,,
ROC,2018-10-09,4.5,50000.0,4.5,4.5,0,,,
ROC,2018-10-10,4.5,8035.0,4.5,4.5,0,,,
ROC,2018-10-11,4.51,90000.0,4.51,4.51,0,,,
ROC,2018-10-12,4.5,70907.0,4.5,4.5,0,,,
ROC,2018-10-16,4.4,1500.0,4.4,4.4,1,,,
ROC,2018-10-17,4.5,2000.0,4.5,4.5,0,,,
ROC,2018-10-18,4.56,14500.0,4.6,4.5,0,,,
ROC,2018-10-22,4.7,255300.0,4.7,4.7,1,-0.11315,0.0,0.0
ROC,2018-10-24,4.73,2000.0,4.73,4.73,1,0.4588,0.0,1.0
ROC,2018-10-25,4.8,15000.0,4.8,4.8,0,,,
ROC,2018-10-30,5.0,9500.0,5.0,5.0,2,,,
ROC,2018-11-05,5.0,2000.0,5.0,5.0,3,,,
ROC,2018-11-09,4.99,10008.0,4.99,4.99,3,,,
ROC,2018-11-14,4.71,20000.0,4.73,4.5,2,,,
ROC,2018-11-19,3.5,5000.0,3.5,3.5,2,0.4588,0.0,1.0
ROC,2018-12-07,3.7,5000.0,3.7,3.7,13,,,
ROC,2018-12-13,4.4,14256.0,4.4,4.4,3,0.4588,0.0,1.0
ROC,2018-12-19,5.0,800.0,5.0,5.0,3,,,
ROC,2018-12-31,4.9,100.0,4.9,4.9,7,,,
ROC,2019-01-23,4.7,3429.0,4.7,4.7,16,0.0,1.0,0.0
ROC,2019-01-28,4.45,4302.0,4.45,4.45,2,,,
ROC,2019-02-01,4.5,10410.0,4.5,4.5,3,,,
ROC,2019-02-05,5.0,7000.0,5.0,5.0,1,,,
ROC,2019-02-21,3.5,10000.0,3.5,3.5,11,,,
ROC,2019-02-22,3.55,29885.0,3.55,3.55,0,,,
ROC,2019-02-25,3.5,39030.0,4.02,3.5,0,,,
ROC,2019-02-26,3.5,92970.0,3.5,3.5,0,,,
ROC,2019-03-01,3.5,27500.0,3.5,3.5,2,,,
ROC,2019-03-04,3.5,30000.0,3.5,3.5,0,,,
ROC,2019-03-05,3.5,4832.0,3.5,3.5,0,,,
ROC,2019-03-08,3.1,127000.0,3.25,3.0,2,,,
ROC,2019-03-18,3.1,17364.0,3.1,3.1,5,,,
ROC,2019-03-20,3.03,13404.0,3.1,3.0,1,,,
ROC,2019-03-21,3.01,151920.0,3.1,3.0,0,,,
ROC,2019-03-22,3.0,119786.0,3.0,2.99,0,,,
ROC,2019-03-25,2.99,49900.0,2.99,2.99,0,0.4588,0.0,1.0
ROC,2019-03-27,3.5,71000.0,3.5,3.5,1,,,
ROC,2019-03-28,3.55,34709.0,3.55,3.55,0,,,
ROC,2019-03-29,3.99,750.0,3.99,3.99,0,0.2023,0.0,0.0
ROC,2019-04-02,3.98,5000.0,3.98,3.98,1,,,
ROC,2019-04-03,3.99,1400.0,3.99,3.99,0,,,
ROC,2019-04-04,3.99,1714.0,3.99,3.99,0,,,
ROC,2019-04-09,3.9,24300.0,3.9,3.9,2,,,
ROC,2019-04-16,3.5,2668.0,3.5,3.5,4,,,
ROC,2019-04-17,3.45,1500000.0,3.45,3.45,0,,,
ROC,2019-04-18,3.5,1000.0,3.5,3.5,0,,,
ROC,2019-04-23,3.9,160500.0,4.0,3.49,2,,,
ROC,2019-04-25,3.9,100.0,3.9,3.9,1,,,
ROC,2019-04-26,3.5,12967.0,3.5,3.5,0,,,
ROC,2019-04-30,3.42,6256.0,3.5,3.3,1,0.0,1.0,0.0
ROC,2019-05-02,3.9,743.0,3.9,3.9,1,-0.2263,0.0,0.0
ROC,2019-05-03,3.9,256.0,3.9,3.9,0,,,
ROC,2019-05-06,3.9,3000.0,3.9,3.9,0,,,
ROC,2019-05-08,3.5,256.0,3.5,3.5,1,,,
ROC,2019-05-09,3.5,7492.0,3.5,3.5,0,,,
ROC,2019-05-10,3.53,2576.0,3.9,3.5,0,,,
ROC,2019-05-15,3.5,116347.0,3.5,3.5,2,0.0,1.0,0.0
ROC,2019-05-21,3.5,843.0,3.5,3.5,3,,,
ROC,2019-05-30,3.5,35612.0,3.5,3.5,6,,,
ROC,2019-05-31,3.5,39020.0,3.5,3.5,0,,,
ROC,2019-06-03,3.84,693.0,3.84,3.84,0,,,
ROC,2019-06-04,3.53,8600.0,3.55,3.5,0,,,
ROC,2019-06-05,3.6,66000.0,3.6,3.6,0,,,
ROC,2019-06-06,3.84,2184.0,3.84,3.84,0,,,
ROC,2019-06-11,3.65,1126.0,3.65,3.65,2,,,
ROC,2019-06-12,3.5,21150.0,3.5,3.5,0,,,
ROC,2019-06-14,3.51,48700.0,3.51,3.51,1,,,
ROC,2019-06-17,3.52,22316.0,3.52,3.52,0,,,
ROC,2019-06-18,3.55,32000.0,3.55,3.55,0,,,
ROC,2019-06-19,3.53,58790.0,3.55,3.5,0,,,
ROC,2019-06-20,3.54,41210.0,3.55,3.5,0,,,
ROC,2019-06-26,3.6199999999999997,67246.0,3.6199999999999997,3.52,3,,,
ROC,2019-06-27,3.6,66702.0,3.66,3.55,0,,,
ROC,2019-06-28,3.5,143183.0,3.54,3.5,0,,,
ROC,2019-07-02,3.35,25000.0,3.35,3.35,1,0.4588,0.0,1.0
ROC,2019-07-03,3.5,3002.0,3.5,3.5,0,,,
ROC,2019-07-05,3.54,13713.0,3.6,3.5,1,,,
ROC,2019-07-08,3.5,6435.0,3.5,3.5,0,,,
ROC,2019-07-10,3.5,200.0,3.5,3.5,1,,,
ROC,2019-07-11,3.5,188.0,3.5,3.5,0,,,
ROC,2019-07-15,3.5,200.0,3.5,3.5,1,,,
ROC,2019-07-16,3.35,4230.0,3.35,3.35,0,,,
ROC,2019-07-17,3.5,60334.0,3.5,3.5,0,,,
ROC,2019-07-18,3.53,6000.0,3.55,3.5,0,,,
ROC,2019-07-19,3.53,3000.0,3.53,3.53,0,,,
ROC,2019-07-23,3.57,500.0,3.57,3.57,1,,,
ROC,2019-07-25,3.81,40924.0,3.9,3.75,1,,,
ROC,2019-07-26,3.9,1500.0,3.9,3.9,0,,,
ROC,2019-07-29,4.03,23490.0,4.2,3.9,0,,,
ROC,2019-07-30,4.1,7046.0,4.1,4.1,0,,,
ROC,2019-07-31,4.13,59344.0,4.21,4.0,0,0.0,1.0,0.0
ROC,2019-08-02,4.07,23679.0,4.1,4.05,1,,,
ROC,2019-08-05,4.01,23919.0,4.05,3.75,0,,,
ROC,2019-08-07,3.98,261345.0,4.0,3.9,1,,,
ROC,2019-08-08,4.0,3698.0,4.0,4.0,0,,,
ROC,2019-08-09,4.1,48900.0,4.1,4.1,0,,,
ROC,2019-08-12,4.1,132100.0,4.1,4.1,0,,,
ROC,2019-08-13,4.14,17885.0,4.15,4.1,0,,,
ROC,2019-08-14,4.09,7711.0,4.1,4.0,0,,,
ROC,2019-08-15,4.1,550.0,4.1,4.1,0,,,
ROC,2019-08-16,4.5,5000300.0,4.5,4.2,0,,,
ROC,2019-08-19,4.21,9419.0,4.96,4.0,0,,,
ROC,2019-08-21,4.35,16500.0,4.35,4.35,1,0.4588,0.0,1.0
ROC,2019-08-22,4.06,280948.0,4.1,4.0,0,,,
ROC,2019-08-23,4.2,20500.0,4.4,4.0,0,,,
ROC,2019-08-27,4.2,96608.0,4.25,4.2,1,,,
ROC,2019-08-28,4.13,41974.0,4.25,4.1,0,,,
ROC,2019-08-29,4.06,136626.0,4.1,4.0,0,,,
ROC,2019-08-30,4.2,300.0,4.2,4.2,0,,,
ROC,2019-09-03,4.03,2862.0,4.2,4.0,1,,,
ROC,2019-09-04,4.0,26500.0,4.0,4.0,0,,,
ROC,2019-09-05,4.1,129.0,4.1,4.1,0,,,
ROC,2019-09-09,3.47,7200.0,3.75,3.4,1,,,
ROC,2019-09-10,3.35,85662.0,3.48,3.35,0,,,
ROC,2019-09-12,3.38,42300.0,3.93,3.35,1,,,
ROC,2019-09-13,3.36,7700.0,3.36,3.36,0,,,
ROC,2019-09-16,3.36,100.0,3.36,3.36,0,,,
ROC,2019-09-17,3.95,3000.0,3.95,3.95,0,,,
ROC,2019-09-18,4.0,76090.0,4.0,4.0,0,,,
ROC,2019-09-23,4.0,103000.0,4.0,3.95,2,,,
ROC,2019-09-24,3.99,12500.0,4.0,3.99,0,,,
ROC,2019-10-01,4.0,6021.0,4.0,4.0,4,,,
ROC,2019-10-03,3.95,16577.0,3.95,3.95,1,,,
ROC,2019-10-04,3.95,115291.0,4.0,3.95,0,,,
ROC,2019-10-07,4.0,200.0,4.0,4.0,0,,,
ROC,2019-10-08,3.99,88900.0,4.0,3.95,0,,,
ROC,2019-10-09,3.95,10598.0,3.95,3.95,0,,,
ROC,2019-10-11,3.99,78000.0,4.0,3.95,1,,,
ROC,2019-10-14,3.99,150095.0,4.0,3.95,0,,,
ROC,2019-10-16,4.0,120198.0,4.0,4.0,1,,,
ROC,2019-10-17,3.96,92527.0,4.0,3.95,0,,,
ROC,2019-10-24,3.6,8500.0,3.6,3.6,4,,,
ROC,2019-10-28,4.0,218.0,4.0,4.0,1,,,
ROC,2019-10-29,3.6,931.0,3.6,3.6,0,,,
ROC,2019-11-06,3.97,13840.0,4.0,3.6100000000000003,5,,,
ROC,2019-11-07,3.61,10840.0,3.61,3.61,0,,,
ROC,2019-11-12,3.7,540.0,3.7,3.7,2,,,
ROC,2019-11-14,3.84,15260.0,3.85,3.7,1,0.0,1.0,0.0
ROC,2019-11-15,3.6,1000.0,3.6,3.6,0,,,
ROC,2019-11-18,3.51,40000.0,3.6,3.5,0,,,
ROC,2019-11-20,3.5,755.0,3.5,3.5,1,,,
ROC,2019-11-21,3.5,4245.0,3.5,3.5,0,,,
ROC,2019-11-22,3.46,128140.0,3.48,3.45,0,,,
ROC,2019-11-25,3.45,93990.0,3.45,3.45,0,,,
ROC,2019-11-26,3.45,15622.0,3.45,3.45,0,,,
ROC,2019-11-28,3.45,21536.0,3.45,3.45,1,,,
ROC,2019-12-06,4.0,200.0,4.0,4.0,5,,,
ROC,2019-12-12,3.7999999999999994,13000.0,3.7999999999999994,3.7999999999999994,3,,,
ROC,2019-12-18,3.4500000000000006,66600.0,3.4500000000000006,3.4500000000000006,3,,,
ROC,2019-12-23,3.45,48429.0,3.45,3.45,2,,,
ROC,2019-12-31,3.5254260000000004,31434.0,3.6,3.5200000000000005,5,-0.4767,0.0,0.0
ROC,2020-01-02,3.59,1.0,3.59,3.59,1,,,
ROC,2020-01-03,4.0,1226.0,4.0,4.0,0,,,
ROC,2020-01-07,3.9,100.0,3.9,3.9,1,,,
ROC,2020-01-09,4.0,6440.0,4.0,4.0,1,,,
ROC,2020-01-14,4.0,300.0,4.0,4.0,2,,,
ROC,2020-01-15,3.8,1500.0,3.8,3.8,0,,,
ROC,2020-01-16,3.8,14229.0,3.8,3.8,0,,,
ROC,2020-01-17,4.0,35850.0,4.0,4.0,0,,,
ROC,2020-01-22,3.98,2414.0,3.98,3.98,2,,,
ROC,2020-01-23,3.5,500.0,3.5,3.5,0,,,
ROC,2020-01-24,3.631996,15100.0,3.99,3.45,0,,,
ROC,2020-01-31,3.476238,27022.0,3.7,3.45,4,,,
ROC,2020-02-04,3.456068,9500.0,3.6,3.45,1,0.0,1.0,0.0
ROC,2020-02-05,3.5224830000000003,18323.0,3.6,3.45,0,,,
ROC,2020-02-06,3.45,25632.0,3.45,3.45,0,,,
ROC,2020-02-10,3.449637,141717.0,3.45,3.4,1,,,
ROC,2020-02-12,3.35,37309.0,3.35,3.35,1,,,
ROC,2020-02-19,3.31,300.0,3.35,3.29,4,,,
ROC,2020-02-21,3.95,100.0,3.95,3.95,1,,,
ROC,2020-02-25,3.980678,3982.0,3.99,3.95,1,,,
ROC,2020-02-28,3.0,42705.0,3.0,3.0,2,,,
ROC,2020-03-02,2.981818,550.0,3.0,2.9,0,,,
ROC,2020-03-05,3.0,11844.0,3.0,3.0,2,,,
ROC,2020-03-06,3.0,31043.0,3.0,3.0,0,,,
ROC,2020-03-09,2.3,5381.0,2.3,2.3,0,,,
ROC,2020-03-10,2.301532,124660.0,2.35,2.3,0,,,
ROC,2020-03-13,2.3,50213.0,2.3,2.3,2,,,
ROC,2020-03-16,2.3,19521.0,2.3,2.3,0,,,
ROC,2020-03-17,2.0,83352.0,2.0,2.0,0,,,
ROC,2020-03-20,2.3,100.0,2.3,2.3,2,,,
ROC,2020-03-26,3.0,5365.0,3.0,3.0,3,,,
ROC,2020-03-27,3.45,1000.0,3.45,3.45,0,,,
ROC,2020-03-31,3.0,10658.0,3.0,3.0,1,-0.2263,1.0,0.0
ROC,2020-04-01,2.990196,5100.0,3.0,2.5,0,,,
ROC,2020-04-02,2.995984,18308.0,3.0,2.99,0,,,
ROC,2020-04-03,3.0,119136.0,3.0,3.0,0,,,
ROC,2020-04-06,3.0,75000.0,3.0,3.0,0,,,
ROC,2020-04-08,2.99,9500.0,2.99,2.99,1,,,
ROC,2020-04-09,2.999223,55000.0,3.0,2.99,0,,,
ROC,2020-04-14,3.0,55.0,3.0,3.0,2,,,
ROC,2020-04-15,2.698889,900.0,2.75,2.57,0,,,
ROC,2020-04-16,2.57,5000.0,2.57,2.57,0,,,
ROC,2020-04-20,2.57,43562.0,2.57,2.57,1,,,
ROC,2020-04-22,2.4,3000.0,2.4,2.4,1,,,
ROC,2020-04-24,2.293677,119240.0,2.4,2.2,1,,,
ROC,2020-04-27,2.148396,165995.0,2.29,2.05,0,,,
ROC,2020-05-01,2.1,100000.0,2.1,2.1,3,0.0,1.0,0.0
ROC,2020-05-04,2.137394,88386.0,2.69,2.1,0,-0.3182,1.0,0.0
ROC,2020-05-05,2.16,7966.0,2.16,2.16,0,,,
ROC,2020-05-08,2.16,12300.0,2.16,2.16,2,,,
ROC,2020-05-11,2.216153,124398.0,2.69,2.09,0,,,
ROC,2020-05-14,2.69008,37265.0,2.7,2.69,2,-0.4939,1.0,0.0
ROC,2020-05-15,2.7,23000.0,2.7,2.7,0,0.4588,0.0,1.0
ROC,2020-05-18,3.3715010000000003,33900.0,3.45,3.0,0,,,
ROC,2020-05-21,3.99,200.0,3.99,3.99,2,,,
ROC,2020-05-22,3.841667,3000.0,3.9,3.75,0,0.4588,0.0,1.0
ROC,2020-05-26,3.725,10000.0,3.8,3.7,1,0.4588,0.0,1.0
ROC,2020-05-27,3.924721,64572.0,4.0,3.72,0,,,
ROC,2020-05-28,3.85,12493.0,3.85,3.85,0,0.4588,0.0,1.0
ROC,2020-06-02,3.85,1000.0,3.85,3.85,2,0.4588,0.0,1.0
ROC,2020-06-04,3.636364,1100.0,3.7,3.0,1,0.4588,0.0,1.0
ROC,2020-06-09,3.2,100.0,3.2,3.2,2,0.4588,0.0,1.0
ROC,2020-06-18,3.1376,1000.0,3.2,3.0,6,0.0,1.0,0.0
ROC,2020-06-22,3.0,19055.0,3.0,3.0,1,,,
ROC,2020-06-24,3.0,500.0,3.0,3.0,1,0.4588,0.0,1.0
ROC,2020-06-25,3.0,78468.0,3.0,3.0,0,,,
ROC,2020-06-26,3.0,43949.0,3.0,3.0,0,,,
ROC,2020-07-09,3.00693,32469.0,3.45,3.0,8,,,
ROC,2020-07-20,3.8899999999999997,31.0,3.8899999999999997,3.8899999999999997,6,,,
ROC,2020-07-29,3.8,3100.0,3.8,3.8,6,,,
ROC,2020-07-31,3.003575,3636.0,3.5,3.0,1,,,
ROC,2020-08-03,3.45,3.0,3.45,3.45,0,,,
ROC,2020-08-04,3.5030300000000003,330.0,3.8,3.45,0,,,
ROC,2020-08-11,3.4,1935.0,3.4,3.4,4,,,
ROC,2020-08-12,3.4,450.0,3.4,3.4,0,,,
ROC,2020-08-17,3.0,800.0,3.0,3.0,2,0.0,1.0,0.0
ROC,2020-08-18,3.10022,45433.0,3.2,3.1,0,,,
ROC,2020-08-19,3.1,100.0,3.1,3.1,0,0.0772,0.0,1.0
ROC,2020-08-20,2.8,871.0,2.8,2.8,0,,,
ROC,2020-08-21,2.800748,40100.0,3.1,2.8,0,,,
ROC,2020-08-24,2.8,6520.0,2.8,2.8,0,,,
ROC,2020-08-25,3.2,24000.0,3.2,3.2,0,,,
ROC,2020-08-28,2.852927,16473.0,2.86,2.85,2,0.0772,0.0,1.0
ROC,2020-08-31,3.15,2000.0,3.15,3.15,0,,,
ROC,2020-09-02,3.07751,6225.0,3.1,2.9,1,,,
ROC,2020-09-08,2.877877,13319.0,2.9,2.85,3,0.0772,0.0,1.0
ROC,2020-09-09,2.85,200.0,2.85,2.85,0,,,
ROC,2020-09-15,2.906895,7808.0,3.1,2.8800000000000003,3,,,
ROC,2020-09-18,3.0,6681.0,3.0,3.0,2,0.4588,0.0,1.0
ROC,2020-09-21,3.1,13319.0,3.1,3.1,0,,,
ROC,2020-09-22,3.052449,10166.0,3.2,3.05,0,,,
ROC,2020-10-06,2.88,136.0,2.88,2.88,9,,,
ROC,2020-10-20,2.51,50000.0,2.51,2.51,9,0.0,1.0,0.0
ROC,2020-10-22,2.500284,708211.0,2.51,2.5,1,,,
ROC,2020-10-23,2.51,13282.0,2.51,2.51,0,,,
ROC,2020-10-26,2.5,5608.0,2.5,2.5,0,,,
ROC,2020-10-28,2.52,30000.0,2.52,2.52,1,0.4588,0.0,1.0
ROC,2020-10-29,2.52,6.0,2.52,2.52,0,,,
ROC,2020-10-30,2.51,40000.0,2.51,2.51,0,0.4588,0.0,1.0
ROC,2020-11-02,2.5,38994.0,2.5,2.5,0,,,
ROC,2020-11-03,2.8,46540.0,2.8,2.8,0,0.4588,0.0,1.0
ROC,2020-11-04,2.88,1000.0,2.88,2.88,0,,,
ROC,2020-11-05,3.095207,43584.0,3.2,2.8,0,,,
ROC,2020-11-06,3.0,17544.0,3.0,3.0,0,,,
ROC,2020-11-09,3.2,20000.0,3.2,3.2,0,0.4588,0.0,1.0
ROC,2020-11-11,3.248092,10501.0,3.25,3.21,1,0.4588,0.0,1.0
ROC,2020-11-16,3.215527,7993.0,3.68,3.21,2,,,
ROC,2020-11-18,3.00893,20492.0,3.21,3.0,1,,,
ROC,2020-11-25,2.949852,31000.0,3.0,2.8,4,0.4588,0.0,1.0
ROC,2020-12-08,2.997009,35035.0,3.0,2.88,8,,,
ROC,2020-12-11,2.88,2417.0,2.88,2.88,2,,,
ROC,2020-12-14,3.1,725.0,3.1,3.1,0,,,
ROC,2020-12-17,3.05,30000.0,3.05,3.05,2,0.4588,0.0,1.0
ROC,2020-12-21,3.191261,21741.0,3.2,3.1,1,,,
ROC,2020-12-22,3.2,29275.0,3.2,3.2,0,,,
ROC,2020-12-23,3.3533800000000005,12283.0,3.77,3.19,0,,,
ROC,2020-12-24,3.8,31140.0,3.8,3.8,0,,,
ROC,2020-12-28,3.8,7000.0,3.8,3.8,1,0.4588,0.0,1.0
ROC,2020-12-30,3.8,24100.0,3.8,3.8,1,0.4588,0.0,1.0
